INSERT INTO `addon_account` (name, label, shared) VALUES
	('society_mechanic', 	'Mecanico Benny`s', 1),
	('society_mechanic01',  'Mecanico Paleto', 1),
	('society_mechanic02',  'Mecanico La Messa', 1)
;

INSERT INTO `addon_inventory` (name, label, shared) VALUES
	('society_mechanic', 	'Mecanico Benny`s', 1),
	('society_mechanic01',  'Mecanico Paleto', 1),
	('society_mechanic02',  'Mecanico La Messa', 1)
;

INSERT INTO `jobs` (name, label, whitelisted, mafia) VALUES
	('mechanic', 'Mecanico Benny`s', 1, 'no'),
	('offmechanic', 'Fuera de servicio Meca-Benny`s', 1, 'no'),
	('mechanic01', 'Mecanico Paleto', 1, 'no'),
	('offmechanic01', 'Fuera de servicio Meca-Paleto', 1, 'no'),
	('mechanic02', 'Mecanico La Messa', 1, 'no'),
	('offmechanic02', 'Fuera de servicio Meca-La Messa', 1, 'no')
;

INSERT INTO `job_grades` (job_name, grade, name, label, salary, skin_male, skin_female) VALUES
	('mechanic',0,'ayudante','Ayudante',660,'{}','{}'),
	('mechanic',1,'principiante','Principiante',900,'{}','{}'),
	('mechanic',2,'novatillo','Novatillo',1000,'{}','{}'),
	('mechanic',3,'novato','Novato',1060,'{}','{}'),
	('mechanic',4,'avanzado','Avanzado',1090,'{}','{}'),
	('mechanic',5,'experimentado ','Experimentado ',1150,'{}','{}'),
	('mechanic',6,'experto','Experto',1200,'{}','{}'),
	('mechanic',7,'encargado','Encargado',1300,'{}','{}'),
	('mechanic',8,'subjefe','Sub Jefe',1400,'{}','{}'),
	('mechanic',9,'boss','Jefe',1500,'{}','{}'),

	('mechanic01',0,'ayudante','Ayudante',660,'{}','{}'),
	('mechanic01',1,'principiante','Principiante',900,'{}','{}'),
	('mechanic01',2,'novatillo','Novatillo',1000,'{}','{}'),
	('mechanic01',3,'novato','Novato',1060,'{}','{}'),
	('mechanic01',4,'avanzado','Avanzado',1090,'{}','{}'),
	('mechanic01',5,'experimentado ','Experimentado ',1150,'{}','{}'),
	('mechanic01',6,'experto','Experto',1200,'{}','{}'),
	('mechanic01',7,'encargado','Encargado',1300,'{}','{}'),
	('mechanic01',8,'subjefe','Sub Jefe',1400,'{}','{}'),
	('mechanic01',9,'boss','Jefe',1500,'{}','{}'),

	('mechanic02',0,'ayudante','Ayudante',660,'{}','{}'),
	('mechanic02',1,'principiante','Principiante',900,'{}','{}'),
	('mechanic02',2,'novatillo','Novatillo',1000,'{}','{}'),
	('mechanic02',3,'novato','Novato',1060,'{}','{}'),
	('mechanic02',4,'avanzado','Avanzado',1090,'{}','{}'),
	('mechanic02',5,'experimentado ','Experimentado ',1150,'{}','{}'),
	('mechanic02',6,'experto','Experto',1200,'{}','{}'),
	('mechanic02',7,'encargado','Encargado',1300,'{}','{}'),
	('mechanic02',8,'subjefe','Sub Jefe',1400,'{}','{}'),
	('mechanic02',9,'boss','Jefe',1500,'{}','{}'),	

	('offmechanic',0,'ayudante','Ayudante',180,'{}','{}'),
	('offmechanic',1,'principiante','Principiante',180,'{}','{}'),
	('offmechanic',2,'novatillo','Novatillo',180,'{}','{}'),
	('offmechanic',3,'novato','Novato',180,'{}','{}'),
	('offmechanic',4,'avanzado','Avanzado',180,'{}','{}'),
	('offmechanic',5,'experimentado ','Experimentado ',180,'{}','{}'),
	('offmechanic',6,'experto','Experto',180,'{}','{}'),
	('offmechanic',7,'encargado','Encargado',180,'{}','{}'),
	('offmechanic',8,'subjefe','Sub Jefe',180,'{}','{}'),
	('offmechanic',9,'boss','Jefe',180,'{}','{}'),

	('offmechanic01',0,'ayudante','Ayudante',180,'{}','{}'),
	('offmechanic01',1,'principiante','Principiante',180,'{}','{}'),
	('offmechanic01',2,'novatillo','Novatillo',180,'{}','{}'),
	('offmechanic01',3,'novato','Novato',180,'{}','{}'),
	('offmechanic01',4,'avanzado','Avanzado',180,'{}','{}'),
	('offmechanic01',5,'experimentado ','Experimentado ',180,'{}','{}'),
	('offmechanic01',6,'experto','Experto',180,'{}','{}'),
	('offmechanic01',7,'encargado','Encargado',180,'{}','{}'),
	('offmechanic01',8,'subjefe','Sub Jefe',180,'{}','{}'),
	('offmechanic01',9,'boss','Jefe',180,'{}','{}'),

	('offmechanic02',0,'ayudante','Ayudante',180,'{}','{}'),
	('offmechanic02',1,'principiante','Principiante',180,'{}','{}'),
	('offmechanic02',2,'novatillo','Novatillo',180,'{}','{}'),
	('offmechanic02',3,'novato','Novato',180,'{}','{}'),
	('offmechanic02',4,'avanzado','Avanzado',180,'{}','{}'),
	('offmechanic02',5,'experimentado ','Experimentado ',180,'{}','{}'),
	('offmechanic02',6,'experto','Experto',180,'{}','{}'),
	('offmechanic02',7,'encargado','Encargado',180,'{}','{}'),
	('offmechanic02',8,'subjefe','Sub Jefe',180,'{}','{}'),
	('offmechanic02',9,'boss','Jefe',180,'{}','{}')	
;


