INSERT INTO `addon_account` (name, label, shared) VALUES
	('society_cardealervanilla','cardealervanilla',1)
;

INSERT INTO `addon_inventory` (name, label, shared) VALUES
	('society_cardealervanilla','cardealervanilla',1)
;

INSERT INTO `jobs` (name, label) VALUES
	('cardealervanilla','Vendedor Coches Nacionales')
;

INSERT INTO `job_grades` (job_name, grade, name, label, salary, skin_male, skin_female) VALUES
	('cardealervanilla',0,'recruit','Recluta',1500,'{}','{}'),
	('cardealervanilla',1,'novice','Novato',1750,'{}','{}'),
	('cardealervanilla',2,'experienced','Experimentado',2000,'{}','{}'),
	('cardealervanilla',3,'boss','Jefe',3500,'{}','{}')
;

CREATE TABLE `cardealervanilla_vehicles` (
	`id` int NOT NULL AUTO_INCREMENT,
	`vehicle` varchar(255) NOT NULL,
	`price` int NOT NULL,

	PRIMARY KEY (`id`)
);

CREATE TABLE `vehiclevanilla_sold` (
	`client` VARCHAR(50) NOT NULL,
	`model` VARCHAR(50) NOT NULL,
	`plate` VARCHAR(50) NOT NULL,
	`soldby` VARCHAR(50) NOT NULL,
	`date` VARCHAR(50) NOT NULL,

	PRIMARY KEY (`plate`)
);

CREATE TABLE `rented_vehiclesvanilla` (
	`vehicle` varchar(60) NOT NULL,
	`plate` varchar(12) NOT NULL,
	`player_name` varchar(255) NOT NULL,
	`base_price` int NOT NULL,
	`rent_price` int NOT NULL,
	`owner` varchar(22) NOT NULL,

	PRIMARY KEY (`plate`)
);

CREATE TABLE `vehiclevanilla_categories` (
	`name` varchar(60) NOT NULL,
	`label` varchar(60) NOT NULL,

	PRIMARY KEY (`name`)
);

INSERT INTO `vehiclevanilla_categories` (name, label) VALUES
	('compacts','Compacts'),
	('coupes','Coupes'),
	('sedans','Sedans'),
	('sports','Sports'),
	('sportsclassics','Sports Classics'),
	('super','Super'),
	('muscle','Muscle'),
	('offroad','Off Road'),
	('suvs','SUVs'),
	('vans','Vans'),
	('motorcycles','Motos')
;

CREATE TABLE `vehiclesvanilla` (
	`name` varchar(60) NOT NULL,
	`model` varchar(60) NOT NULL,
	`price` int NOT NULL,
	`category` varchar(60) DEFAULT NULL,

	PRIMARY KEY (`model`)
);

INSERT INTO `vehiclesvanilla` (name, model, price, category) VALUES
	('Blade','blade',40000,'muscle'),
	('Buccaneer','buccaneer',58000,'muscle'),
	('Buccaneer Rider','buccaneer2',64000,'muscle'),
	('Chino','chino',40000,'muscle'),
	('Chino Luxe','chino2',50000,'muscle'),
	('Coquette BlackFin','coquette3',105000,'muscle'),
	('Dominator','dominator',105000,'muscle'),
	('Dukes','dukes',68000,'muscle'),
	('Gauntlet','gauntlet',50000,'muscle'),
	('Hotknife','hotknife',145000,'muscle'),
	('Faction','faction',40000,'muscle'),
	('Faction Rider','faction2',80000,'muscle'),
	('Faction XL','faction3',60000,'muscle'),
	('Nightshade','nightshade',80000,'muscle'),
	('Phoenix','phoenix',40000,'muscle'),
	('Picador','picador',68000,'muscle'),
	('Sabre Turbo','sabregt',20000,'muscle'),
	('Sabre GT','sabregt2',75000,'muscle'),
	('Slam Van','slamvan3',115000,'muscle'),
	('Tampa','tampa',40000,'muscle'),
	('Virgo','virgo',45000,'muscle'),
	('Vigero','vigero',40000,'muscle'),
	('Voodoo','voodoo',50000,'muscle'),
	('Brioso R/A','brioso',40000,'compacts'),
	('Issi','issi2',50000,'compacts'),
	('Panto','panto',15000,'compacts'),
	('Prairie','prairie',62000,'compacts'),
	('Bison','bison',75000,'vans'),
	('Bobcat XL','bobcatxl',82000,'vans'),
	('Burrito','burrito3',190000,'vans'),
	('Burrito','gburrito2',290000,'vans'),
	('Camper','camper',100000,'vans'),
	('Gang Burrito','gburrito',295000,'vans'),
	('Minivan','minivan',43000,'vans'),
	('Moonbeam','moonbeam',68000,'vans'),
	('Moonbeam Rider','moonbeam2',95000,'vans'),
	('Paradise','paradise',59000,'vans'),
	('Rumpo','rumpo',55000,'vans'),
	('Surfer','surfer',72000,'vans'),
	('Youga','youga',60800,'vans'),
	('Youga Luxuary','youga2',65000,'vans'),
	('Asea','asea',40000,'sedans'),
	('Cognoscenti','cognoscenti',75000,'sedans'),
	('Emperor','emperor',55000,'sedans'),
	('Fugitive','fugitive',82000,'sedans'),
	('Glendale','glendale',65000,'sedans'),
	('Intruder','intruder',45000,'sedans'),
	('Premier','premier',48000,'sedans'),
	('Primo Custom','primo2',95000,'sedans'),
	('Regina','regina',40000,'sedans'),
	('Schafter','schafter2',75000,'sedans'),
	('Stretch','stretch',1000000,'sedans'),
	('Super Diamond','superd',230000,'sedans'),
	('Tailgater','tailgater',65000,'sedans'),
	('Warrener','warrener',85000,'sedans'),
	('Washington','washington',45000,'sedans'),
	('Baller','baller2',190000,'suvs'),
	('Baller Sport','baller3',350000,'suvs'),
	('Cavalcade','cavalcade2',85000,'suvs'),
	('Dubsta','dubsta',85000,'suvs'),
	('Dubsta Luxuary','dubsta2',380000,'suvs'),
	('Fhantom','fq2',77000,'suvs'),
	('Grabger','granger',120000,'suvs'),
	('Gresley','gresley',87500,'suvs'),
	('Huntley S','huntley',70000,'suvs'),
	('Landstalker','landstalker',85000,'suvs'),
	('Mesa','mesa',46000,'suvs'),
	('Patriot','patriot',105000,'suvs'),
	('Radius','radi',40000,'suvs'),
	('Rocoto','rocoto',45000,'suvs'),
	('Seminole','seminole',45000,'suvs'),
	('XLS','xls',102000,'suvs'),
	('Btype','btype',620000,'sportsclassics'),
	('Btype Luxe','btype3',750000,'sportsclassics'),
	('Btype Hotroad','btype2',1000000000,'sportsclassics'),
	('Casco','casco',80000,'sportsclassics'),
	('Coquette Classic','coquette2',150000,'sportsclassics'),
	('Manana','manana',40000,'sportsclassics'),
	('Monroe','monroe',105000,'sportsclassics'),
	('Pigalle','pigalle',65000,'sportsclassics'),
	('Stinger','stinger',108000,'sportsclassics'),
	('Stinger GT','stingergt',155000,'sportsclassics'),
	('Z-Type','ztype',1000000,'sportsclassics'),
	('Bifta','bifta',125000,'offroad'),
	('Bf Injection','bfinjection',46000,'offroad'),
	('Blazer','blazer',46500,'offroad'),
	('Blazer Sport','blazer4',58500,'offroad'),
	('Brawler','brawler',85000,'offroad'),
	('Dune Buggy','dune',50000,'offroad'),
	('Rebel','rebel2',65000,'offroad'),
	('Sandking','sandking',95000,'offroad'),
	('Trophy Truck','trophytruck',120000,'offroad'),
	('Trophy Truck Limited','trophytruck2',250000,'offroad'),
	('Cognoscenti Cabrio','cogcabrio',45000,'coupes'),
	('Exemplar','exemplar',62000,'coupes'),
	('F620','f620',80000,'coupes'),
	('Felon','felon',42000,'coupes'),
	('Felon GT','felon2',55000,'coupes'),
	('Oracle XS','oracle2',40000,'coupes'),
	('Sentinel','sentinel',55000,'coupes'),
	('Sentinel XS','sentinel2',60000,'coupes'),
	('Windsor','windsor',95000,'coupes'),
	('Windsor Drop','windsor2',125000,'coupes'),
	('Zion','zion',36000,'coupes'),
	('Zion Cabrio','zion2',55000,'coupes'),
	('9F','ninef',650000,'sports'),
	('9F Cabrio','ninef2',700000,'sports'),
	('Alpha','alpha',100000,'sports'),
	('Banshee','banshee',750000,'sports'),
	('Bestia GTS','bestiagts',550000,'sports'),
	('Buffalo','buffalo',52000,'sports'),
	('Buffalo S','buffalo2',85000,'sports'),
	('Carbonizzare','carbonizzare',600000,'sports'),
	('Comet','comet2',850000,'sports'),
	('Coquette','coquette',125000,'sports'),
	('Drift Tampa','tampa2',1500000,'sports'),
	('Elegy','elegy2',385000,'sports'),
	('Feltzer','feltzer2',550000,'sports'),
	('Furore GT','furoregt',250000,'sports'),
	('Fusilade','fusilade',200000,'sports'),
	('Jester','jester',650000,'sports'),
	('Jester(Racecar)','jester2',1150000,'sports'),
	('Khamelion','khamelion',580000,'sports'),
	('Kuruma','kuruma',105000,'sports'),
	('Lynx','lynx',400000,'sports'),
	('Mamba','mamba',350000,'sports'),
	('Massacro','massacro',450000,'sports'),
	('Massacro(Racecar)','massacro2',1100000,'sports'),
	('Omnis','omnis',450000,'sports'),
	('Penumbra','penumbra',88000,'sports'),
	('Rapid GT','rapidgt',105000,'sports'),
	('Rapid GT Convertible','rapidgt2',125000,'sports'),
	('Schafter V12','schafter3',70000,'sports'),
	('Seven 70','seven70',395000,'sports'),
	('Sultan','sultan',45000,'sports'),
	('Surano','surano',500000,'sports'),
	('Tropos','tropos',1100000,'sports'),
	('Verlierer','verlierer2',700000,'sports'),
	('Adder','adder',1400000,'super'),
	('Banshee 900R','banshee2',1000000000,'super'),
	('Bullet','bullet',775000,'super'),
	('Cheetah','cheetah',795000,'super'),
	('Entity XF','entityxf',1225000,'super'),
	('ETR1','sheava',1100000,'super'),
	('FMJ','fmj',1250000,'super'),
	('Infernus','infernus',650000,'super'),
	('Osiris','osiris',1600000,'super'),
	('Pfister','pfister811',850000,'super'),
	('RE-7B','le7b',525000,'super'),
	('Reaper','reaper',1650000,'super'),
	('Sultan RS','sultanrs',1000000000,'super'),
	('T20','t20',2250000,'super'),
	('Turismo R','turismor',1800000,'super'),
	('Tyrus','tyrus',3600000,'super'),
	('Vacca','vacca',1750000,'super'),
	('Voltic','voltic',890000,'super'),
	('X80 Proto','prototipo',1000000000,'super'),
	('Zentorno','zentorno',1000000000,'super'),
	('Akuma','AKUMA',125000,'motorcycles'),
	('Avarus','avarus',88000,'motorcycles'),
	('Bagger','bagger',73500,'motorcycles'),
	('Bati 801','bati',120000,'motorcycles'),
	('Bati 801RR','bati2',190000,'motorcycles'),
	('BMX (velo)','bmx',10000,'motorcycles'),
	('Carbon RS','carbonrs',180000,'motorcycles'),
	('Chimera','chimera',108000,'motorcycles'),
	('Cliffhanger','cliffhanger',125000,'motorcycles'),
	('Cruiser (velo)','cruiser',12000,'motorcycles'),
	('Daemon','daemon',85000,'motorcycles'),
	('Daemon High','daemon2',95000,'motorcycles'),
	('Defiler','defiler',98000,'motorcycles'),
	('Double T','double',48000,'motorcycles'),
	('Enduro','enduro',75000,'motorcycles'),
	('Esskey','esskey',52000,'motorcycles'),
	('Vespa','faggio2',40000,'motorcycles'),
	('Fixter (velo)','fixter',20000,'motorcycles'),
	('Gargoyle','gargoyle',165000,'motorcycles'),
	('Hakuchou','hakuchou',200000,'motorcycles'),
	('Hakuchou Sport','hakuchou2',1000000000,'motorcycles'),
	('Hexer','hexer',120000,'motorcycles'),
	('Innovation','innovation',73500,'motorcycles'),
	('Manchez','manchez',95300,'motorcycles'),
	('Nemesis','nemesis',88000,'motorcycles'),
	('Nightblade','nightblade',250000,'motorcycles'),
	('PCJ-600','pcj',62000,'motorcycles'),
	('Ruffian','ruffian',108000,'motorcycles'),
	('Sanchez','sanchez',95000,'motorcycles'),
	('Sanchez Sport','sanchez2',105000,'motorcycles'),
	('Sanctus','sanctus',125000,'motorcycles'),
	('Scorcher (velo)','scorcher',12280,'motorcycles'),
	('Sovereign','sovereign',42000,'motorcycles'),
	('Thrust','thrust',104000,'motorcycles'),
	('Tri bike (velo)','tribike3',12520,'motorcycles'),
	('Vader','vader',72000,'motorcycles'),
	('Vortex','vortex',78000,'motorcycles'),
	('Woflsbane','wolfsbane',60000,'motorcycles'),
	('Zombie','zombiea',75000,'motorcycles'),
	('Zombie Luxuary','zombieb',82000,'motorcycles'),
	('Visione', 'visione', 3250000, 'super'),
	('Retinue', 'retinue', 615000, 'sportsclassics'),
	('Cyclone', 'cyclone', 1000000000, 'super'), 
	('Rapid GT3', 'rapidgt3', 485000, 'sportsclassics'),
	('raiden', 'raiden', 875000, 'sports'),
	('Pariah', 'pariah', 2250000, 'sports'),
	('SC 1', 'sc1', 1650000, 'super'),
	('riata', 'riata', 400000, 'offroad'),
	('Hermes', 'hermes', 1000000000, 'muscle'),
	('Savestra', 'savestra', 990000, 'sportsclassics'),
	('Streiter', 'streiter', 500000, 'sports'),
	('Kamacho', 'kamacho', 1000000000, 'offroad'),
	('GT 500', 'gt500', 785000, 'sportsclassics'),
	('Z190', 'z190', 1000000000, 'sportsclassics'),
	('Autarch', 'autarch', 1955000, 'super'),
	('Comet 5', 'comet5', 2145000, 'sports'), 
	('Neon', 'neon', 2500000, 'sports'),
	('Sentinel3', 'sentinel3', 8250000, 'sports'),
	('Hustler', 'hustler', 825000, 'muscle')
;
