INSERT INTO `addon_account` (name, label, shared) VALUES
	('society_mafia01', 'mafia01', 1),
	('society_mafia02', 'mafia02', 1),
	('society_mafia03', 'mafia03', 1),
	('society_mafia04', 'mafia04', 1),
	('society_mafia05', 'mafia05', 1),
	('society_mafia06', 'mafia06', 1)
;

INSERT INTO `datastore` (name, label, shared) VALUES
	('society_mafia01', 'mafia01', 1),
	('society_mafia02', 'mafia02', 1),
	('society_mafia03', 'mafia03', 1),
	('society_mafia04', 'mafia04', 1),
	('society_mafia05', 'mafia05', 1),
	('society_mafia06', 'mafia06', 1)
;

INSERT INTO `addon_inventory` (name, label, shared) VALUES
	('society_mafia01', 'mafia01', 1),
	('society_mafia02', 'mafia02', 1),
	('society_mafia03', 'mafia03', 1),
	('society_mafia04', 'mafia04', 1),
	('society_mafia05', 'mafia05', 1),
	('society_mafia06', 'mafia06', 1)
;

INSERT INTO `jobs` (name, label) VALUES
	('mafia01', '01 - Mursi$'),
	('mafia02', '02 - Mursa$'),
	('mafia03', '03 - Murse$'),
	('mafia04', '04 - Murso$'),
	('mafia05', '05 - Mursu$'),
	('mafia06', '06 - Mursae$')
;

INSERT INTO `job_grades` (job_name, grade, name, label, salary, skin_male, skin_female) VALUES
	('mafia01',0,'novato','Novato',20,'{}','{}'),
	('mafia01',1,'camello','Camello',40,'{}','{}'),
	('mafia01',2,'sicario','Sicario',60,'{}','{}'),
	('mafia01',3,'viceboss','Sub-Jefe',85,'{}','{}'),
	('mafia01',4,'boss','Jefe',100,'{}','{}'),
	('mafia02',0,'novato','Novato',20,'{}','{}'),
	('mafia02',1,'camello','Camello',40,'{}','{}'),
	('mafia02',2,'sicario','Sicario',60,'{}','{}'),
	('mafia02',3,'viceboss','Sub-Jefe',85,'{}','{}'),
	('mafia02',4,'boss','Jefe',100,'{}','{}'),
	('mafia03',0,'novato','Novato',20,'{}','{}'),
	('mafia03',1,'camello','Camello',40,'{}','{}'),
	('mafia03',2,'sicario','Sicario',60,'{}','{}'),
	('mafia03',3,'viceboss','Sub-Jefe',85,'{}','{}'),
	('mafia03',4,'boss','Jefe',100,'{}','{}'),
	('mafia04',0,'novato','Novato',20,'{}','{}'),
	('mafia04',1,'camello','Camello',40,'{}','{}'),
	('mafia04',2,'sicario','Sicario',60,'{}','{}'),
	('mafia04',3,'viceboss','Sub-Jefe',85,'{}','{}'),
	('mafia04',4,'boss','Jefe',100,'{}','{}'),
	('mafia05',0,'novato','Novato',20,'{}','{}'),
	('mafia05',1,'camello','Camello',40,'{}','{}'),
	('mafia05',2,'sicario','Sicario',60,'{}','{}'),
	('mafia05',3,'viceboss','Sub-Jefe',85,'{}','{}'),
	('mafia05',4,'boss','Jefe',100,'{}','{}'),
	('mafia06',0,'novato','Novato',20,'{}','{}'),
	('mafia06',1,'camello','Camello',40,'{}','{}'),
	('mafia06',2,'sicario','Sicario',60,'{}','{}'),
	('mafia06',3,'viceboss','Sub-Jefe',85,'{}','{}'),
	('mafia06',4,'boss','Jefe',100,'{}','{}')
;